Type,url_length,num_special_chars,num_digit,num_subdomains,path_length,num_path_segments,num_suspicious_keywords
harmful,40,0,0,2,24,3,0
harmful,77,4,7,3,33,5,0
harmful,48,0,0,3,15,2,0
harmful,91,6,9,3,62,4,0
harmful,35,1,12,4,15,1,0
harmful,42,0,0,3,11,1,0
harmful,63,15,20,1,47,2,0
harmful,85,9,2,3,17,2,0
harmful,45,0,0,2,45,4,0
harmful,62,3,0,4,40,1,0
harmful,108,7,34,2,9,1,1
harmful,57,1,0,4,29,2,0
harmful,31,0,0,2,31,2,0
harmful,55,4,1,2,11,1,0
harmful,47,1,1,3,22,2,0
harmful,41,0,3,2,21,2,0
harmful,42,0,0,3,10,1,0
harmful,86,4,4,4,61,6,0
harmful,26,0,0,3,26,1,0
harmful,36,0,0,3,36,2,0
harmful,75,1,3,2,44,4,0
harmful,43,0,1,6,12,1,0
harmful,166,14,14,9,10,1,0
harmful,33,0,1,1,13,2,0
harmful,46,0,14,4,28,2,0
harmful,23,0,0,2,23,0,0
harmful,22,0,0,3,22,2,0
harmful,34,0,16,4,7,1,0
harmful,59,0,3,5,59,0,0
harmful,79,3,2,1,45,3,0
harmful,33,0,15,4,7,1,0
harmful,37,1,1,4,10,1,0
harmful,76,1,23,3,48,2,0
harmful,114,13,10,5,10,1,0
harmful,35,0,0,2,14,1,0
harmful,34,2,12,5,14,1,0
harmful,40,1,0,2,40,3,0
harmful,85,3,5,3,61,3,0
harmful,52,1,0,3,21,3,0
harmful,26,0,1,1,3,1,0
harmful,103,11,11,3,28,3,0
harmful,42,0,0,3,20,2,0
harmful,33,0,0,4,33,2,0
harmful,65,1,0,2,38,3,0
harmful,21,1,0,1,21,0,0
harmful,34,0,16,4,7,1,0
harmful,114,4,23,4,28,3,0
harmful,57,3,0,3,41,2,0
harmful,265,10,29,4,10,1,0
harmful,19,0,0,2,19,2,0
harmful,94,6,2,4,62,4,0
harmful,41,0,0,3,20,3,1
harmful,30,1,0,1,30,0,0
harmful,33,0,11,3,12,2,0
harmful,68,0,21,3,38,3,0
harmful,43,0,11,2,43,6,0
harmful,133,19,3,3,63,2,0
harmful,33,0,15,4,11,1,0
harmful,12,1,0,1,12,0,0
harmful,48,0,0,3,48,4,0
harmful,55,1,17,2,35,2,0
harmful,98,12,11,3,10,1,0
harmful,99,27,31,1,83,2,0
harmful,87,9,16,3,17,3,0
harmful,24,2,0,1,24,0,0
harmful,57,0,2,2,32,4,0
harmful,36,0,2,2,19,3,0
harmful,75,3,0,3,47,3,0
harmful,50,0,3,2,1,1,0
harmful,98,14,3,3,10,1,0
harmful,53,0,0,2,32,3,0
harmful,124,21,33,2,10,1,0
harmful,40,0,0,2,11,1,0
harmful,74,9,4,2,10,1,0
harmful,82,1,9,1,46,4,0
harmful,65,1,0,3,26,2,0
harmful,76,3,0,2,58,2,0
harmful,51,1,5,3,23,2,0
harmful,121,12,8,6,4,2,1
harmful,81,21,23,1,65,2,0
harmful,139,16,7,5,10,1,0
harmful,24,0,0,2,24,1,0
harmful,27,0,7,4,10,1,0
harmful,51,1,5,3,23,2,0
harmful,99,27,30,1,83,2,0
harmful,75,7,3,3,10,1,0
harmful,80,9,5,4,10,1,0
harmful,38,0,3,2,16,2,0
harmful,115,10,4,2,97,3,0
harmful,81,1,2,7,30,3,0
harmful,20,0,0,1,0,0,0
harmful,75,3,0,1,55,3,0
harmful,23,0,0,3,23,0,0
harmful,231,6,14,4,38,4,0
harmful,32,0,9,3,13,2,0
harmful,76,4,10,2,31,3,0
harmful,36,1,0,4,36,1,0
harmful,113,2,29,4,85,7,0
harmful,37,0,0,3,37,1,0
harmful,196,20,14,3,164,2,0
harmful,25,1,0,2,25,1,0
harmful,92,10,5,2,10,1,0
harmful,114,3,0,7,47,5,0
harmful,53,0,0,4,53,3,0
harmful,99,27,33,1,83,2,0
harmful,34,3,0,1,34,0,0
harmful,45,1,0,3,45,1,0
harmful,31,0,0,2,31,2,0
harmful,31,0,0,3,1,1,0
harmful,87,4,1,2,64,5,0
harmful,90,11,26,3,12,1,0
harmful,51,1,0,3,30,2,0
harmful,42,0,0,2,42,1,0
harmful,15,0,0,2,15,0,0
harmful,17,0,0,1,17,0,0
harmful,76,1,23,3,48,2,0
harmful,85,9,7,3,10,1,0
harmful,16,0,0,1,16,0,0
harmful,88,9,4,3,12,2,0
harmful,58,1,0,3,58,3,0
harmful,78,7,6,3,78,3,0
harmful,99,10,5,2,10,1,0
harmful,109,4,0,9,13,1,0
harmful,77,9,5,3,10,1,0
harmful,42,0,9,4,24,2,0
harmful,40,0,8,2,20,2,0
harmful,84,2,6,2,60,5,1
harmful,47,1,4,3,19,2,0
harmful,29,0,3,2,29,0,1
harmful,85,9,6,4,10,1,0
harmful,51,0,5,2,51,3,0
harmful,61,3,15,3,61,4,0
harmful,33,0,10,3,13,2,0
harmful,117,13,6,3,10,1,0
harmful,69,6,7,2,4,2,0
harmful,66,2,0,4,33,2,0
harmful,35,0,0,3,35,2,0
harmful,29,0,0,3,29,1,0
harmful,50,4,0,2,50,0,1
harmful,34,0,16,4,7,1,0
harmful,19,0,0,1,19,0,0
harmful,95,11,7,2,10,1,0
harmful,44,0,0,2,14,2,0
harmful,49,0,19,4,28,2,0
harmful,82,7,7,3,82,3,0
harmful,150,37,33,2,129,4,0
harmful,136,16,5,5,10,1,0
harmful,38,0,2,2,38,4,0
harmful,76,9,3,2,10,1,0
harmful,50,2,1,2,21,2,0
harmful,17,0,0,1,17,0,0
harmful,27,0,4,2,27,2,0
harmful,75,19,26,1,59,2,0
harmful,13,0,0,1,13,0,0
harmful,45,0,5,3,19,2,0
harmful,75,7,8,3,53,5,0
harmful,53,0,0,5,53,3,0
harmful,99,8,9,1,86,5,0
harmful,17,0,0,2,17,0,0
harmful,72,7,2,2,10,1,0
harmful,34,0,0,2,34,3,0
harmful,25,0,10,3,5,1,0
harmful,48,0,3,2,26,3,1
harmful,90,1,4,3,61,5,1
harmful,16,0,0,2,16,0,0
harmful,89,3,0,3,55,3,0
harmful,79,8,4,3,20,3,0
harmful,42,0,0,4,42,2,0
harmful,40,0,0,4,40,0,1
harmful,16,0,0,2,16,0,0
harmful,107,13,4,3,10,1,0
harmful,34,0,0,2,34,3,0
harmful,38,0,13,4,16,2,0
harmful,30,0,1,2,30,3,0
harmful,32,0,14,4,7,1,0
harmful,55,0,0,4,6,1,0
harmful,110,15,11,3,10,1,0
harmful,26,0,14,3,5,1,0
harmful,92,2,4,2,71,6,0
harmful,64,3,3,4,37,2,0
harmful,94,8,3,3,31,3,0
harmful,34,0,16,4,7,1,0
harmful,12,1,0,1,12,0,0
harmful,38,1,1,2,9,1,0
harmful,33,0,12,3,13,2,0
harmful,17,1,2,1,17,0,1
harmful,99,27,31,1,83,2,0
harmful,34,0,16,4,7,1,0
harmful,134,15,5,3,10,1,0
harmful,37,1,9,3,17,1,1
harmful,41,0,3,2,21,2,0
harmful,29,0,0,1,7,2,1
harmful,63,15,21,1,47,2,0
harmful,33,0,0,1,13,2,0
harmful,43,0,0,2,14,2,0
harmful,39,0,9,4,20,2,0
harmful,26,0,0,2,26,0,0
harmful,46,0,4,1,18,5,0
harmful,51,0,0,3,33,4,1
harmful,23,0,1,3,23,1,0
harmful,74,4,0,3,74,3,0
harmful,14,0,0,1,14,0,0
harmful,26,0,1,2,1,1,0
harmful,96,11,4,3,10,1,0
harmful,308,13,94,10,87,7,2
harmful,68,4,7,3,27,3,0
harmful,30,1,0,2,30,3,0
harmful,86,8,1,3,54,1,0
harmful,73,8,4,2,10,1,0
harmful,58,3,17,2,17,1,0
harmful,32,0,14,4,7,1,0
harmful,48,0,0,3,9,1,0
harmful,34,0,16,4,7,1,0
harmful,74,2,0,2,41,3,0
harmful,90,24,31,1,74,2,0
harmful,26,0,3,2,26,2,0
harmful,58,2,0,1,39,5,0
harmful,30,0,0,3,30,2,0
harmful,33,0,15,4,7,1,0
harmful,29,0,0,2,0,0,0
harmful,38,1,9,4,19,1,1
harmful,34,2,2,3,28,1,0
harmful,70,3,8,2,42,2,0
harmful,98,4,0,3,36,5,1
harmful,47,0,0,3,47,3,0
harmful,71,10,8,2,11,1,0
harmful,76,1,23,3,48,2,0
harmful,29,0,6,2,29,0,0
harmful,44,0,0,2,26,3,0
harmful,52,4,6,1,33,2,0
harmful,69,6,7,2,4,2,0
harmful,38,0,12,4,16,2,0
harmful,28,0,12,3,6,1,0
harmful,81,21,28,1,65,2,0
harmful,97,10,7,3,10,1,0
harmful,63,15,21,1,47,2,0
harmful,83,0,19,2,61,6,0
harmful,34,0,16,4,7,1,0
harmful,192,10,24,2,10,1,0
harmful,55,2,0,3,27,2,0
harmful,33,0,15,4,7,1,0
harmful,143,3,17,3,120,2,0
harmful,72,0,0,4,44,5,0
harmful,52,2,3,4,52,3,0
harmful,32,0,14,4,7,1,0
harmful,81,9,4,3,10,1,0
harmful,55,1,0,3,55,2,0
harmful,157,18,10,2,10,1,0
harmful,170,38,25,3,15,1,0
harmful,35,0,17,4,7,1,0
harmful,81,21,27,1,65,2,0
harmful,35,2,14,3,35,1,0
harmful,77,2,21,3,52,4,0
harmful,29,0,0,3,29,2,0
harmful,35,0,12,4,15,2,0
harmful,32,0,11,4,11,1,0
harmful,32,0,14,4,7,1,0
harmful,124,7,24,3,10,1,0
harmful,49,1,0,2,35,2,0
harmful,30,0,12,4,10,1,0
harmful,46,2,0,3,46,3,0
harmful,35,0,0,4,11,1,0
harmful,38,0,3,2,16,2,0
harmful,26,1,1,2,26,2,0
harmful,34,0,16,4,7,1,0
harmful,32,1,2,4,32,2,0
harmful,72,18,21,1,56,2,0
harmful,118,18,9,3,10,1,0
harmful,158,19,7,3,10,1,0
harmful,35,2,14,3,35,1,0
harmful,98,12,7,3,10,1,0
harmful,32,0,1,1,8,2,0
harmful,48,0,1,3,48,3,0
harmful,96,10,3,4,10,1,0
harmful,77,4,7,3,33,5,0
harmful,34,0,16,4,7,1,0
harmful,96,11,3,3,10,1,0
harmful,45,0,5,3,19,2,0
harmful,28,0,12,3,7,1,0
harmful,24,0,0,2,6,1,0
harmful,86,12,10,2,15,3,0
harmful,64,9,2,2,10,3,0
harmful,26,0,0,2,5,1,0
harmful,77,4,7,3,33,5,0
harmful,43,0,12,4,23,2,0
harmful,51,1,5,3,23,2,0
harmful,39,0,0,3,39,1,0
harmful,89,9,4,3,10,1,0
harmful,34,0,6,4,34,0,0
harmful,33,0,15,4,7,1,0
harmful,48,1,3,2,48,5,0
harmful,67,3,25,3,48,4,0
harmful,76,9,2,2,10,1,0
harmful,22,0,0,2,22,0,0
harmful,67,2,0,3,51,4,0
harmful,28,0,12,3,7,1,0
harmful,96,11,5,3,10,1,0
harmful,16,1,0,1,16,0,1
harmful,35,1,0,2,10,1,0
harmful,51,4,7,3,19,2,0
harmful,119,4,28,3,28,3,0
harmful,32,0,12,3,12,2,0
harmful,81,21,30,1,65,2,0
harmful,101,2,2,3,71,4,0
harmful,26,0,3,2,26,2,0
harmful,69,1,24,3,48,6,0
harmful,99,27,34,1,83,2,0
harmful,56,1,0,2,24,3,0
harmful,56,1,9,3,28,2,0
harmful,32,0,14,4,7,1,0
harmful,82,1,26,3,16,3,0
harmful,64,9,2,2,10,3,0
harmful,55,1,8,3,27,2,0
harmful,52,1,5,3,24,2,0
harmful,29,0,0,3,29,1,0
harmful,99,27,35,1,83,2,0
harmful,108,16,2,2,21,3,1
harmful,39,0,2,3,1,1,0
harmful,70,7,5,2,10,1,0
harmful,76,18,17,1,56,2,0
harmful,38,1,0,2,10,1,0
harmful,37,1,0,2,16,1,0
harmful,105,16,2,2,15,2,1
harmful,30,0,0,4,30,1,0
harmful,104,12,3,4,10,1,0
harmful,24,0,10,3,5,1,0
harmful,63,1,2,3,37,4,0
harmful,93,6,16,3,22,3,0
harmful,39,1,13,4,18,1,0
harmful,45,0,5,3,19,2,0
harmful,54,1,16,2,34,2,0
harmful,43,1,2,2,15,1,0
harmful,44,0,11,4,24,2,0
harmful,46,2,2,2,18,2,0
harmful,35,0,0,3,35,1,0
harmful,27,2,0,3,20,1,0
harmful,129,4,29,4,43,5,0
harmful,47,4,9,2,25,2,0
harmful,86,9,4,4,10,1,0
harmful,64,2,0,3,29,2,0
harmful,43,0,0,3,43,3,0
harmful,75,9,4,2,10,1,0
harmful,73,1,2,3,46,4,0
harmful,45,2,0,4,8,1,0
harmful,125,5,24,4,38,4,0
harmful,54,0,0,5,11,1,1
harmful,71,2,2,4,32,3,0
harmful,18,0,0,2,18,0,0
harmful,49,1,0,3,49,3,0
harmful,15,1,0,1,15,0,0
harmful,36,1,0,2,36,3,0
harmful,106,13,4,2,10,1,0
harmful,27,0,0,2,27,0,0
harmful,38,1,0,3,11,1,0
harmful,29,0,0,3,11,1,0
harmful,69,1,29,3,48,4,0
harmful,16,0,0,1,16,0,0
harmful,52,1,1,3,29,3,0
harmful,35,0,17,4,7,1,0
harmful,33,2,5,2,22,1,1
harmful,83,3,3,4,54,5,0
harmful,32,0,0,3,32,2,0
harmful,33,0,2,1,13,2,0
harmful,43,2,0,2,22,1,0
harmful,105,10,4,3,10,1,0
harmful,122,15,7,3,10,1,0
harmful,38,0,14,4,17,2,0
harmful,34,0,8,4,16,2,0
harmful,60,5,0,3,10,1,0
harmful,34,1,0,2,34,2,0
harmful,50,2,2,2,22,2,0
harmful,35,0,10,4,15,2,0
harmful,39,1,2,2,1,1,0
harmful,91,8,0,1,73,3,0
harmful,89,9,3,3,10,1,0
harmful,78,1,0,3,54,7,0
harmful,50,1,0,3,50,2,0
harmful,35,0,17,4,7,1,0
harmful,114,15,6,3,10,1,0
harmful,22,0,0,2,22,1,0
harmful,37,1,0,3,6,1,0
harmful,54,2,0,3,54,3,0
harmful,117,10,11,2,32,3,0
harmful,81,1,3,7,30,3,0
harmful,214,7,81,6,12,2,1
harmful,27,0,4,2,27,2,0
harmful,197,61,51,1,177,2,0
harmful,43,0,3,5,43,0,0
harmful,41,0,0,3,41,2,0
harmful,86,9,4,3,10,1,0
harmful,52,1,5,3,24,2,0
harmful,17,0,0,1,17,0,0
harmful,44,0,0,2,19,2,0
harmful,81,7,2,3,12,2,0
harmful,38,0,0,3,13,1,0
harmful,72,1,4,3,72,5,0
harmful,57,5,1,3,17,1,0
harmful,85,8,0,3,10,1,0
harmful,26,0,3,2,26,2,0
harmful,71,5,0,1,25,2,0
harmful,46,1,3,3,21,3,0
harmful,22,0,0,2,22,2,0
harmful,64,3,0,3,34,3,0
harmful,91,9,4,3,10,1,0
harmful,127,12,9,5,8,2,1
harmful,88,2,0,4,49,3,0
harmful,43,0,0,3,43,2,0
harmful,30,1,3,2,30,0,0
harmful,119,16,19,3,10,1,0
harmful,31,0,10,3,11,2,0
harmful,37,0,2,4,37,2,0
harmful,38,1,1,3,38,1,0
harmful,140,16,5,5,10,1,0
harmful,18,1,5,2,18,0,0
harmful,40,0,0,3,13,1,0
harmful,44,2,0,2,21,3,0
harmful,91,10,3,2,10,1,1
harmful,33,0,0,1,33,3,0
harmful,27,0,4,2,27,2,0
harmful,17,0,0,1,17,0,0
harmful,47,2,0,4,11,1,0
harmful,56,5,3,3,34,4,0
harmful,86,9,4,2,10,1,0
harmful,90,24,31,1,74,2,0
harmful,32,0,14,4,7,1,0
harmful,32,0,10,3,12,2,0
harmful,91,9,4,4,10,1,0
harmful,25,0,0,1,25,0,0
harmful,40,0,1,2,20,2,0
harmful,70,3,0,2,49,2,0
harmful,114,12,2,2,10,1,0
harmful,49,0,17,4,28,2,0
harmful,185,21,4,3,10,1,0
harmful,80,1,0,2,52,6,0
harmful,37,0,13,4,16,2,0
harmful,105,0,20,3,71,3,0
harmful,15,0,0,1,15,0,0
harmful,28,0,0,2,28,0,0
harmful,52,1,5,3,24,2,0
harmful,49,1,5,3,21,2,0
harmful,42,1,1,2,15,1,0
harmful,85,9,4,4,10,1,0
harmful,41,0,1,3,41,3,0
harmful,54,0,8,2,35,2,0
harmful,36,0,10,4,16,2,0
harmful,89,9,2,4,10,1,0
harmful,29,0,1,3,29,2,0
harmful,34,0,16,4,7,1,0
harmful,106,8,16,1,72,4,0
harmful,144,18,6,3,10,1,0
harmful,36,0,0,3,36,4,0
harmful,96,9,9,1,83,5,0
harmful,33,0,15,4,7,1,0
harmful,105,16,2,2,15,2,1
harmful,49,1,5,3,21,2,0
harmful,142,18,4,2,14,2,0
harmful,95,8,8,2,4,2,0
harmful,35,0,9,4,16,2,0
harmful,76,1,20,3,48,2,0
harmful,26,0,10,3,7,1,0
harmful,68,5,0,1,47,3,0
harmful,85,7,1,3,10,1,0
harmful,44,4,3,3,14,1,0
harmful,78,7,1,1,57,2,0
harmful,48,1,3,3,10,1,1
harmful,74,4,0,2,37,1,0
harmful,20,0,0,2,20,2,0
harmful,127,15,2,3,10,1,0
harmful,77,9,5,3,10,1,0
harmful,44,0,11,4,24,2,0
harmful,41,0,0,2,11,1,0
harmful,84,22,25,1,68,2,0
harmful,57,1,0,3,29,3,0
harmful,81,0,7,6,16,2,0
harmful,38,0,16,3,16,1,0
harmful,97,11,5,3,10,1,0
harmful,76,1,20,3,48,2,0
harmful,81,17,17,2,18,1,0
harmful,59,1,0,2,18,1,0
harmful,81,21,27,1,65,2,0
harmful,99,27,31,1,83,2,0
harmful,76,2,0,2,35,2,0
harmful,44,0,3,2,17,1,0
harmful,76,0,1,4,48,5,0
harmful,27,0,4,2,27,2,0
harmful,30,0,0,1,30,0,0
harmful,31,0,17,3,5,1,0
harmful,78,8,4,3,20,3,0
harmful,92,4,20,3,21,4,0
harmful,16,0,0,1,16,0,0
harmful,49,0,9,3,29,3,0
harmful,82,8,3,1,49,2,0
harmful,34,0,16,4,7,1,0
harmful,63,15,21,1,47,2,0
harmful,27,0,11,3,7,1,0
harmful,90,24,32,1,74,2,0
harmful,127,15,6,2,15,2,0
harmful,72,3,2,3,33,2,0
harmful,27,1,0,2,27,2,0
harmful,86,2,23,4,52,2,1
harmful,67,0,11,2,47,4,0
harmful,96,7,15,3,66,4,0
harmful,30,0,0,2,30,3,0
harmful,15,0,0,1,15,0,0
harmful,49,1,0,2,49,3,1
harmful,185,10,23,3,10,1,0
harmful,115,11,4,4,17,2,0
harmful,51,1,5,3,23,2,0
harmful,44,0,10,4,24,2,0
harmful,37,0,2,2,37,2,0
harmful,33,0,15,4,7,1,0
harmful,42,1,4,2,11,1,0
harmful,14,0,0,1,14,0,0
harmful,31,0,0,3,31,2,0
harmful,66,3,2,4,45,3,0
harmful,69,0,22,3,48,4,0
harmful,70,0,3,2,70,0,0
harmful,38,0,0,2,13,1,0
harmful,58,0,0,3,36,3,0
harmful,39,0,1,2,39,3,0
harmful,135,18,8,3,10,1,0
harmful,81,21,27,1,65,2,0
harmful,57,2,0,1,31,2,0
harmful,99,27,32,1,83,2,0
harmful,91,9,4,4,15,2,0
harmful,46,1,3,2,17,2,0
harmful,51,3,4,2,19,2,0
harmful,18,1,0,1,18,0,0
harmful,26,0,0,2,8,1,0
harmful,104,12,7,2,10,1,0
harmful,57,1,1,3,57,4,0
harmful,88,8,3,2,64,3,0
harmful,54,0,2,3,31,3,0
harmful,148,19,7,3,10,1,0
harmful,37,0,0,3,11,1,0
harmful,99,1,10,2,76,5,0
harmful,85,8,0,1,67,3,0
harmful,77,4,7,3,33,5,0
harmful,35,0,10,4,15,2,0
harmful,187,47,56,1,166,2,0
harmful,108,12,4,3,10,1,0
harmful,80,5,2,2,3,1,0
harmful,85,10,3,3,10,1,0
harmful,91,8,0,1,73,3,0
harmful,78,2,32,6,57,2,0
harmful,23,0,11,3,4,1,0
harmful,42,0,11,4,22,2,0
harmful,154,17,6,3,10,1,0
harmful,114,13,15,3,10,1,0
harmful,17,0,0,1,17,0,0
harmful,87,2,26,3,21,1,0
harmful,132,14,7,3,10,1,0
harmful,22,0,0,1,22,0,0
harmful,71,1,3,4,45,5,0
harmful,95,12,2,3,10,1,0
harmful,56,1,1,2,38,3,0
harmful,49,1,0,3,20,1,0
harmful,18,0,0,2,18,1,0
harmful,125,30,29,3,24,3,0
harmful,45,1,0,2,22,4,0
harmful,76,9,2,2,12,2,0
harmful,44,2,0,3,22,1,0
harmful,115,11,15,9,9,3,1
harmful,58,2,3,1,36,4,0
harmful,32,0,11,4,11,2,0
harmful,28,0,0,2,28,0,0
harmful,70,0,20,3,48,5,0
harmful,35,0,17,4,7,1,0
harmful,39,0,0,4,6,1,0
harmful,48,1,5,3,20,2,0
harmful,52,1,5,3,24,2,0
harmful,90,10,5,3,10,1,0
harmful,52,0,0,3,52,1,0
harmful,36,0,6,3,36,5,0
harmful,73,6,2,2,73,4,0
harmful,92,4,20,3,21,4,0
harmful,30,0,0,2,30,0,2
harmful,33,0,15,4,7,1,0
harmful,38,0,0,1,17,2,0
harmful,30,0,0,2,30,4,0
harmful,27,0,0,3,27,2,0
harmful,36,2,3,3,9,1,0
harmful,35,0,11,4,15,2,0
harmful,22,0,0,2,22,2,0
harmful,26,0,0,2,26,2,0
harmful,33,0,15,4,7,1,0
harmful,31,0,0,4,31,1,0
harmful,30,0,0,2,10,2,0
harmful,177,22,16,3,10,1,0
harmful,36,2,12,5,15,1,0
harmful,76,3,0,3,27,3,1
harmful,94,9,3,2,70,3,0
harmful,16,0,0,1,16,0,0
harmful,61,1,3,3,41,5,0
harmful,72,18,21,1,56,2,0
harmful,98,10,3,5,10,1,0
harmful,21,0,0,2,21,2,0
harmful,82,9,5,3,10,1,0
harmful,137,8,3,5,83,11,0
harmful,56,0,1,4,30,4,0
harmful,110,16,6,3,25,2,0
harmful,30,0,0,2,30,3,0
harmful,150,16,7,3,10,1,0
harmful,129,29,27,2,108,4,0
harmful,48,0,12,3,24,3,0
harmful,16,1,0,1,16,0,0
harmful,32,0,14,4,7,1,0
harmful,46,4,0,2,46,1,0
harmful,68,4,1,2,43,3,0
harmful,48,1,5,3,20,2,0
harmful,23,0,0,3,23,2,0
harmful,78,9,2,3,10,1,0
harmful,55,1,17,2,35,2,0
harmful,53,3,1,1,20,2,0
harmful,76,2,35,6,54,2,0
harmful,39,0,1,3,39,3,0
harmful,34,0,3,2,18,2,0
harmful,29,0,0,2,11,1,0
harmful,61,2,0,3,33,2,0
harmful,84,9,4,3,10,1,0
harmful,95,9,11,1,82,5,0
harmful,107,4,27,3,28,3,0
harmful,99,27,28,1,83,2,0
harmful,43,0,10,4,25,2,0
harmful,29,0,0,2,29,2,0
harmful,31,0,0,2,31,2,0
harmful,87,9,4,3,10,1,0
harmful,81,21,21,1,65,2,0
harmful,44,0,4,3,18,2,0
harmful,30,0,0,3,30,2,0
harmful,42,0,0,1,17,3,0
harmful,82,8,0,1,64,3,0
harmful,102,10,3,3,10,1,0
harmful,52,1,0,3,52,3,0
harmful,32,0,2,3,11,1,0
harmful,81,9,4,3,10,1,0
harmful,48,1,2,2,25,2,0
harmful,56,3,0,4,10,1,0
harmful,40,0,0,3,40,2,0
harmful,20,0,3,1,6,1,0
harmful,35,0,11,4,14,2,0
harmful,81,0,34,3,56,5,0
harmful,37,2,5,2,1,1,0
harmful,54,0,0,3,27,2,0
harmful,90,24,31,1,74,2,0
harmful,81,21,26,1,65,2,0
harmful,33,0,0,2,11,1,0
harmful,40,4,0,2,19,1,0
harmful,42,0,0,4,11,1,0
harmful,66,0,2,2,46,7,0
harmful,72,1,2,1,38,3,0
harmful,32,0,14,4,7,1,0
harmful,33,1,3,2,33,0,1
harmful,48,0,0,2,17,3,0
harmful,48,0,16,4,27,2,0
harmful,92,5,0,4,66,3,0
harmful,33,0,6,2,33,3,1
harmful,57,2,0,2,23,3,0
harmful,31,0,11,4,11,1,0
harmful,40,0,0,3,11,1,0
harmful,88,9,4,3,17,2,0
harmful,48,0,0,3,14,1,0
harmful,67,2,0,2,31,3,0
harmful,52,0,27,1,30,3,0
harmful,34,0,16,4,7,1,0
harmful,33,0,0,2,33,0,0
harmful,34,0,16,4,7,1,0
harmful,15,1,0,1,15,0,0
harmful,29,0,9,4,10,1,0
harmful,21,0,0,2,21,0,0
harmful,33,0,15,4,7,1,0
harmful,32,3,9,1,0,0,0
harmful,15,0,1,1,15,0,0
harmful,104,11,5,3,10,1,0
harmful,38,0,0,2,15,2,0
harmful,106,6,26,2,9,1,1
harmful,83,9,5,2,10,1,0
harmful,26,0,2,1,8,1,0
harmful,30,0,0,1,15,3,0
harmful,103,4,21,2,84,6,0
harmful,16,0,0,3,16,0,0
harmful,41,0,3,2,21,2,0
harmful,33,0,15,4,7,1,0
harmful,28,0,0,3,28,2,0
harmful,110,13,5,3,10,1,0
harmful,66,3,0,2,32,2,0
harmful,16,0,0,1,16,0,0
harmful,27,0,14,3,5,1,0
harmful,32,0,0,3,6,1,0
harmful,89,9,5,3,10,1,0
harmful,29,0,10,4,9,1,0
harmful,34,2,0,2,16,1,0
harmful,47,2,4,3,12,2,0
harmful,11,0,0,1,11,0,0
harmful,124,14,6,3,10,1,0
harmful,87,0,0,2,52,6,1
harmful,43,0,0,5,43,2,0
harmful,30,1,0,3,30,0,0
harmful,24,0,0,3,24,1,0
harmful,87,11,2,3,10,1,0
harmful,44,1,0,3,21,1,0
harmful,87,6,3,3,58,2,0
harmful,46,0,0,3,46,4,0
harmful,31,0,0,2,31,1,0
harmful,25,0,0,3,25,2,0
harmful,122,8,1,9,20,3,1
harmful,56,1,0,4,56,7,0
harmful,26,0,10,3,7,1,0
harmful,35,0,0,1,14,3,0
harmful,125,15,6,2,10,1,0
harmful,214,9,56,5,10,1,1
harmful,51,1,5,3,23,2,0
harmful,52,1,0,3,10,1,0
harmful,63,4,0,2,63,2,0
harmful,39,0,1,3,39,5,0
harmful,32,0,10,3,12,2,0
harmful,32,0,0,3,10,1,0
harmful,95,2,4,2,21,2,0
harmful,32,0,0,2,11,1,0
harmful,95,10,4,3,10,1,0
harmful,22,0,0,2,22,2,0
harmful,96,7,6,1,77,4,0
harmful,41,0,0,2,11,1,0
harmful,27,0,11,3,7,1,0
harmful,45,2,0,2,24,1,0
harmful,26,0,0,2,26,0,0
harmful,27,0,0,2,1,1,0
harmful,92,1,21,2,56,5,0
harmful,134,9,1,4,102,5,0
harmful,47,0,4,2,19,2,0
harmful,103,4,27,2,28,3,0
harmful,85,7,1,2,26,1,0
harmful,97,9,3,3,10,1,0
harmful,50,0,0,3,17,2,0
harmful,16,0,0,1,16,0,0
harmful,53,0,0,3,53,3,0
harmful,24,0,0,2,24,2,0
harmful,56,4,11,2,20,1,0
harmful,160,19,10,3,10,1,0
harmful,33,0,15,4,7,1,0
harmful,54,2,0,3,31,2,0
harmful,45,2,0,3,21,1,0
harmful,69,4,0,3,21,2,0
harmful,46,1,0,2,22,2,0
harmful,81,6,0,2,51,2,0
harmful,51,1,2,4,19,2,0
harmful,35,0,12,4,15,2,0
harmful,81,21,24,1,65,2,0
harmful,16,0,0,1,16,0,0
harmful,41,1,0,3,6,1,0
harmful,56,1,0,4,22,1,0
harmful,23,0,0,2,23,2,0
harmful,65,1,0,3,39,5,0
harmful,25,0,6,2,25,2,0
harmful,86,9,4,3,10,1,0
harmful,22,0,0,2,22,3,0
harmful,27,0,0,2,27,1,0
harmful,10,0,0,1,10,0,0
harmful,41,0,3,2,21,2,0
harmful,32,0,9,4,13,1,0
harmful,71,1,3,4,45,5,0
harmful,60,4,3,4,13,1,0
harmful,21,0,0,1,21,0,0
harmful,34,1,1,2,34,3,0
harmful,59,1,0,3,41,4,1
harmful,74,1,30,6,52,2,0
harmful,131,15,14,5,10,1,0
harmful,93,11,4,2,10,1,0
harmful,59,6,1,3,11,1,0
harmful,20,1,0,1,20,2,0
harmful,33,0,15,4,7,1,0
harmful,41,1,1,3,41,2,0
harmful,35,0,0,2,10,1,0
harmful,160,21,7,2,10,1,0
harmful,77,5,2,1,60,3,0
harmful,37,0,11,4,17,2,0
harmful,45,1,4,1,25,4,0
harmful,32,0,0,3,32,1,0
harmful,83,7,2,3,10,1,0
harmful,85,9,3,3,10,1,0
harmful,37,0,0,3,10,1,0
harmful,54,0,6,4,54,5,0
harmful,47,0,3,3,18,3,0
harmful,38,0,0,3,13,1,0
harmful,41,1,0,3,41,2,0
harmful,10,0,0,1,10,0,0
harmful,108,7,28,2,9,1,1
harmful,47,2,1,3,20,1,0
harmful,70,6,0,3,10,1,0
harmful,57,2,0,4,29,2,0
harmful,71,1,3,4,45,5,0
harmful,34,0,0,2,34,2,0
harmful,185,4,12,2,28,3,0
harmful,23,0,9,3,4,1,0
harmful,32,0,14,4,7,1,0
harmful,52,1,5,3,24,2,0
harmful,33,0,0,1,33,3,0
harmful,30,0,3,2,30,0,0
harmful,83,7,2,3,10,1,1
harmful,224,8,30,3,10,1,0
harmful,25,0,0,2,25,0,0
harmful,104,4,40,4,81,5,0
harmful,36,1,0,2,1,1,0
harmful,74,3,3,3,37,2,0
harmful,35,0,17,4,7,1,0
harmful,81,21,27,1,65,2,0
harmful,29,0,10,4,9,1,0
harmful,77,1,10,3,22,2,0
harmful,117,15,9,4,10,1,0
harmful,35,0,17,4,7,1,0
harmful,28,0,12,3,7,1,0
harmful,25,0,0,2,25,1,0
harmful,42,0,0,3,42,2,0
harmful,88,4,2,2,55,5,0
harmful,44,0,4,2,24,2,0
harmful,53,1,0,4,31,3,0
harmful,55,1,17,2,35,2,0
harmful,106,13,10,3,10,1,0
harmful,26,0,3,2,26,2,0
harmful,27,0,4,2,27,2,0
harmful,26,0,10,3,6,1,0
harmful,12,0,0,1,12,0,0
harmful,138,18,4,3,10,1,0
harmful,32,0,10,3,12,2,0
harmful,32,0,14,4,7,1,0
harmful,40,3,0,2,40,0,0
harmful,85,3,2,4,54,4,0
harmful,76,1,20,3,48,2,0
harmful,76,1,23,3,48,2,0
harmful,111,13,5,3,10,1,0
harmful,33,0,15,4,7,1,0
harmful,40,0,1,2,20,2,0
harmful,41,0,0,2,41,3,0
harmful,22,0,0,1,22,0,0
harmful,66,6,5,2,4,2,0
harmful,52,0,0,3,25,4,1
harmful,102,14,23,2,53,4,0
harmful,21,0,0,1,21,0,0
harmful,96,14,10,2,10,1,0
harmful,23,0,0,2,23,0,0
harmful,30,0,2,4,30,1,0
harmful,106,15,8,3,10,1,0
harmful,98,8,2,3,80,3,0
harmful,27,0,1,2,11,1,0
harmful,134,1,18,3,113,2,0
harmful,56,1,9,3,28,2,0
harmful,71,0,17,2,37,3,0
harmful,92,10,4,3,10,1,0
harmful,191,3,24,2,17,2,0
harmful,83,3,0,4,27,3,0
harmful,81,5,1,4,44,1,0
harmful,91,10,4,3,10,1,0
harmful,29,0,15,4,3,1,0
harmful,105,8,3,3,83,3,0
harmful,50,0,6,3,50,5,0
harmful,99,27,30,1,83,2,0
harmful,49,1,7,3,49,3,0
harmful,70,1,0,3,43,4,0
harmful,44,0,0,2,10,1,0
harmful,14,0,0,1,14,2,0
harmful,42,2,0,2,42,3,0
harmful,116,13,7,2,10,1,0
harmful,87,7,2,2,10,1,0
harmful,23,0,0,2,23,1,0
harmful,81,21,22,1,65,2,0
harmful,41,1,0,3,19,2,0
harmful,77,1,8,4,54,8,0
harmful,89,5,3,4,58,4,0
harmful,246,8,92,3,53,6,1
harmful,99,27,26,1,83,2,0
harmful,30,1,0,3,30,1,0
harmful,23,0,1,2,23,0,0
harmful,41,0,0,2,13,1,0
harmful,46,1,10,4,26,2,0
harmful,85,9,6,2,10,1,0
harmful,19,0,1,2,19,0,0
harmful,79,9,4,2,10,1,0
harmful,39,0,12,4,19,2,0
harmful,40,0,1,2,20,2,0
harmful,56,2,0,4,26,3,1
harmful,72,18,21,1,56,2,0
harmful,209,24,25,5,20,2,0
harmful,32,0,0,2,15,2,0
harmful,42,0,1,2,20,3,0
harmful,61,3,10,2,20,2,0
harmful,102,11,4,4,10,1,0
harmful,12,0,0,1,12,0,0
harmful,38,1,0,2,8,2,1
harmful,47,0,3,3,18,3,0
harmful,81,21,26,1,65,2,0
harmful,44,0,13,4,24,2,0
harmful,96,6,4,3,66,5,0
harmful,45,0,5,3,19,2,0
harmful,59,3,9,3,59,2,0
harmful,24,0,9,3,5,1,0
harmful,99,27,29,1,83,2,0
harmful,81,7,4,1,60,3,0
harmful,34,0,2,2,34,3,0
harmful,107,11,11,3,10,1,0
harmful,52,1,1,2,52,7,0
safe,36,2,2,2,36,2,0
safe,66,5,7,3,66,3,0
safe,21,0,0,1,21,1,0
safe,46,2,8,2,46,2,0
safe,41,0,0,1,41,5,0
safe,50,2,0,1,50,3,0
safe,30,0,0,2,30,1,0
safe,25,0,5,1,25,2,0
safe,107,18,5,2,15,2,1
safe,29,1,0,1,29,2,0
safe,57,3,10,1,57,3,0
safe,107,10,6,1,93,3,0
safe,72,6,6,3,72,1,0
safe,42,2,0,1,42,4,0
safe,95,15,13,2,28,3,0
safe,51,1,15,1,51,3,0
safe,100,6,0,2,100,4,0
safe,45,2,6,1,45,3,0
safe,43,3,2,2,43,2,0
safe,29,2,5,1,21,1,0
safe,25,0,0,1,25,1,0
safe,60,4,5,2,60,2,0
safe,62,2,15,1,62,3,0
safe,41,1,0,2,41,2,0
safe,60,1,0,5,60,3,0
safe,54,3,1,2,54,3,0
safe,54,1,0,2,54,4,0
safe,48,0,0,2,48,6,0
safe,30,0,0,1,30,1,0
safe,33,0,1,2,33,2,0
safe,84,9,19,1,69,4,0
safe,111,15,13,2,92,1,0
safe,16,0,1,1,16,2,0
safe,59,1,0,4,59,4,0
safe,31,3,2,1,17,1,0
safe,50,2,0,2,50,5,0
safe,25,1,0,1,25,1,0
safe,103,7,6,1,82,5,0
safe,46,5,4,1,46,2,0
safe,31,0,0,1,31,3,0
safe,40,0,1,4,40,5,1
safe,30,1,0,1,30,3,0
safe,203,26,12,2,23,1,1
safe,236,7,104,2,79,5,1
safe,195,21,39,4,11,1,1
safe,47,0,0,4,47,2,0
safe,46,2,6,2,46,2,0
safe,40,0,0,1,40,3,0
safe,35,2,4,1,14,1,0
safe,17,0,0,1,17,1,0
safe,35,2,2,2,29,1,0
safe,11,0,0,1,11,1,0
safe,50,2,1,4,20,2,0
safe,30,0,5,1,30,2,0
safe,43,1,4,2,43,3,0
safe,33,0,0,1,33,1,0
safe,30,0,0,1,30,2,0
safe,29,0,1,2,29,3,0
safe,19,0,0,1,19,1,0
safe,25,0,0,2,25,2,0
safe,35,2,3,2,35,1,0
safe,46,0,0,2,46,3,0
safe,40,1,2,1,40,3,0
safe,98,8,16,2,98,3,0
safe,57,3,3,8,57,3,0
safe,49,1,23,1,49,3,0
safe,88,10,8,1,88,5,0
safe,53,1,19,1,53,3,0
safe,31,2,1,1,17,1,0
safe,54,2,8,2,33,2,0
safe,55,1,7,3,55,3,0
safe,90,4,34,1,73,5,0
safe,32,0,0,3,32,1,0
safe,53,2,7,2,53,2,0
safe,30,1,4,1,14,1,0
safe,49,2,0,2,49,3,0
safe,32,1,1,1,32,2,0
safe,46,1,2,2,46,3,0
safe,87,4,33,1,70,5,0
safe,57,4,5,1,57,3,0
safe,81,7,1,6,62,2,2
safe,43,3,8,1,43,4,0
safe,110,6,5,1,93,8,0
safe,46,3,5,2,37,2,0
safe,44,2,0,2,44,3,0
safe,132,20,8,1,115,3,0
safe,54,2,2,2,54,4,0
safe,87,0,18,1,65,10,0
safe,31,0,0,2,31,3,0
safe,87,9,5,1,70,4,0
safe,17,0,0,1,17,1,0
safe,104,11,7,2,87,2,0
safe,26,0,0,2,26,2,0
safe,27,1,0,1,27,1,0
safe,142,1,59,1,142,6,0
safe,22,0,0,1,22,1,0
safe,63,1,20,2,63,3,0
safe,54,4,4,1,27,1,0
safe,95,4,0,2,73,4,0
safe,39,2,0,1,39,3,0
safe,65,2,2,2,65,4,0
safe,363,19,47,3,79,3,2
safe,78,4,13,3,31,1,0
safe,24,0,0,1,24,1,0
safe,24,0,0,1,24,1,0
safe,89,7,8,2,89,5,0
safe,40,1,0,2,40,2,0
safe,29,2,0,1,29,1,0
safe,139,17,8,2,139,5,0
safe,46,2,0,2,46,2,0
safe,45,0,16,2,45,5,0
safe,42,1,0,2,42,1,0
safe,109,2,0,4,109,13,2
safe,66,1,12,3,66,3,0
safe,47,0,6,1,47,3,0
safe,31,0,0,2,31,2,0
safe,28,2,0,1,28,1,0
safe,22,0,0,2,22,1,0
safe,70,2,9,2,54,4,0
safe,37,2,0,2,37,1,0
safe,35,0,0,1,35,2,0
safe,33,1,0,1,33,4,0
safe,35,1,11,2,35,2,0
safe,47,0,11,3,47,5,0
safe,46,2,5,2,38,2,0
safe,117,12,0,2,42,3,0
safe,25,0,0,1,25,2,0
safe,76,6,6,2,76,3,0
safe,74,4,8,2,74,4,0
safe,31,2,1,1,17,1,0
safe,137,1,18,11,137,4,2
safe,27,1,0,1,27,1,0
safe,66,2,0,1,66,4,0
safe,337,14,38,3,78,3,2
safe,25,0,0,1,25,1,0
safe,70,2,9,2,54,4,0
safe,30,2,2,2,30,2,0
safe,109,18,6,2,89,2,0
safe,72,8,7,2,72,1,0
safe,19,1,0,1,19,1,0
safe,45,2,0,2,45,2,0
safe,46,2,0,2,46,2,0
safe,72,4,4,2,72,3,0
safe,86,6,12,1,62,5,0
safe,96,0,7,2,96,4,0
safe,15,0,0,1,15,1,0
safe,27,0,0,1,27,1,0
safe,39,0,0,2,39,3,0
safe,74,5,4,2,74,3,0
safe,22,0,0,1,22,1,0
safe,49,0,4,4,49,3,0
safe,89,8,6,2,89,4,0
safe,73,5,4,2,73,2,0
safe,36,2,4,1,36,3,0
safe,23,1,10,1,23,1,0
safe,31,2,0,2,23,1,0
safe,78,6,12,3,78,3,0
safe,54,4,7,1,54,2,0
safe,71,2,19,2,71,7,0
safe,16,1,0,1,16,1,0
safe,43,1,1,2,43,2,0
safe,51,2,18,1,51,3,0
safe,43,1,0,2,43,2,0
safe,33,0,3,1,33,2,0
safe,33,0,18,4,33,2,0
safe,90,14,3,2,68,1,0
safe,62,6,5,3,62,2,0
safe,116,13,12,2,116,5,0
safe,252,5,99,2,94,4,1
safe,60,4,3,1,60,3,0
safe,31,3,1,1,17,1,0
safe,39,0,0,2,39,3,0
safe,30,0,0,2,30,2,0
safe,65,7,0,1,65,2,0
safe,58,4,10,1,58,3,0
safe,69,10,17,1,12,1,0
safe,29,1,0,1,29,2,0
safe,29,0,0,1,29,1,0
safe,46,1,6,1,46,3,0
safe,50,1,5,2,50,2,0
safe,36,2,0,1,36,2,0
safe,32,0,0,2,32,2,1
safe,47,3,7,1,47,3,0
safe,108,9,20,1,89,3,0
safe,32,0,4,2,32,1,0
safe,47,2,0,2,47,3,0
safe,52,0,0,2,52,2,0
safe,61,4,1,6,18,2,1
safe,121,19,17,1,121,4,0
safe,62,6,13,2,30,1,0
safe,29,4,0,1,12,1,0
safe,58,2,0,2,58,2,0
safe,20,0,0,1,20,1,0
safe,69,4,0,2,42,4,0
safe,36,1,0,2,36,1,0
safe,46,2,4,1,46,4,0
safe,38,0,0,1,38,4,0
safe,29,0,0,1,29,1,0
safe,38,0,4,2,38,5,0
safe,91,5,8,3,91,7,0
safe,45,1,0,2,45,3,0
safe,34,1,0,2,34,2,0
safe,71,3,6,1,71,4,0
safe,46,2,0,2,46,2,0
safe,54,8,11,2,43,2,0
safe,85,7,6,1,73,6,0
safe,15,0,0,1,15,1,0
safe,49,0,0,1,49,2,0
safe,148,0,1,2,148,22,2
safe,44,2,0,2,44,2,0
safe,120,13,3,1,120,3,0
safe,30,0,3,1,30,2,0
safe,72,4,0,1,72,5,0
safe,106,8,6,3,106,4,0
safe,64,5,12,1,64,3,0
safe,48,4,5,1,48,3,0
safe,42,2,0,1,42,2,0
safe,22,0,0,1,22,2,0
safe,90,9,7,1,76,3,0
safe,41,2,4,2,33,2,0
safe,79,8,17,1,79,4,0
safe,24,0,4,2,24,2,0
safe,64,3,11,2,64,5,0
safe,118,0,24,2,98,14,1
safe,36,2,5,2,21,1,0
safe,126,8,39,1,29,1,0
safe,22,0,0,1,22,1,0
safe,47,4,0,1,47,2,0
safe,33,1,0,2,33,2,0
safe,46,4,0,2,46,1,0
safe,42,0,17,3,42,4,0
safe,23,0,0,1,23,1,0
safe,23,0,0,2,23,1,0
safe,46,3,4,2,46,2,0
safe,278,86,95,1,262,4,0
safe,44,3,6,2,44,3,0
safe,90,9,12,1,90,2,0
safe,38,2,3,1,38,3,0
safe,56,1,0,2,56,3,0
safe,26,0,0,1,26,3,0
safe,31,0,0,1,31,4,0
safe,76,4,0,2,76,3,0
safe,25,1,0,1,25,2,0
safe,17,0,0,1,17,1,0
safe,37,1,0,1,37,3,1
safe,187,29,6,3,65,10,0
safe,31,1,2,4,31,1,0
safe,75,7,8,1,75,5,0
safe,73,6,1,5,54,2,2
safe,24,0,0,1,24,2,0
safe,75,9,13,2,75,2,0
safe,19,0,0,1,19,1,0
safe,62,3,6,2,62,5,0
safe,63,4,8,1,63,3,0
safe,44,0,0,2,44,3,0
safe,19,0,0,1,19,1,0
safe,54,3,0,2,54,3,0
safe,31,3,2,1,17,1,0
safe,32,0,0,2,32,1,0
safe,71,2,1,3,71,5,0
safe,21,0,0,2,21,1,0
safe,41,0,7,3,41,4,0
safe,23,0,0,1,23,1,0
safe,88,21,23,1,72,3,0
safe,89,7,5,1,89,4,0
safe,22,0,4,2,22,1,0
safe,36,0,0,1,36,2,1
safe,41,3,0,1,41,2,0
safe,13,0,0,1,13,1,0
safe,44,0,0,3,44,2,0
safe,90,3,0,2,70,4,0
safe,26,0,0,1,26,2,0
safe,75,2,0,3,75,3,0
safe,103,5,23,7,57,5,2
safe,80,4,8,1,80,5,0
safe,23,0,2,1,23,2,0
safe,57,6,6,2,57,4,0
safe,31,1,0,1,31,2,0
safe,307,77,95,2,5,1,0
safe,59,2,6,3,45,4,0
safe,51,2,0,2,51,2,0
safe,103,23,27,1,82,5,0
safe,82,8,5,2,38,2,0
safe,62,6,4,1,62,4,0
safe,33,0,0,2,33,1,0
safe,35,2,0,2,35,1,0
safe,24,0,7,1,24,3,0
safe,61,5,1,1,61,3,0
safe,70,6,6,2,70,3,0
safe,32,0,0,4,32,1,0
safe,29,1,0,1,29,2,0
safe,105,11,2,2,28,2,0
safe,85,8,1,5,17,1,0
safe,10,0,0,1,10,1,0
safe,31,3,1,1,17,1,0
safe,78,6,5,3,36,1,0
safe,32,3,1,2,28,2,0
safe,36,0,1,2,36,1,0
safe,37,1,0,1,37,2,0
safe,66,5,0,3,66,3,0
safe,25,0,5,1,25,2,0
safe,52,4,12,3,52,1,0
safe,45,2,5,1,45,3,0
safe,224,11,92,8,224,2,2
safe,43,1,6,2,43,5,0
safe,28,0,0,2,28,1,0
safe,73,8,10,3,18,1,0
safe,32,0,1,1,32,3,1
safe,39,1,6,1,39,5,0
safe,67,2,14,3,23,1,0
safe,89,6,0,2,89,2,0
safe,24,0,0,1,24,2,0
safe,35,0,0,3,35,2,0
safe,53,3,6,1,53,3,0
safe,125,16,5,1,105,3,0
safe,42,1,0,1,42,2,0
safe,31,2,2,1,17,1,0
safe,73,7,0,1,73,3,0
safe,28,1,0,1,28,3,0
safe,88,3,0,1,66,6,1
safe,33,0,1,2,33,2,0
safe,45,3,0,1,45,2,0
safe,40,0,0,3,40,2,0
safe,60,5,3,2,60,2,0
safe,59,3,0,2,59,2,0
safe,32,0,0,2,32,1,0
safe,17,0,0,1,17,1,0
safe,48,3,0,1,48,2,0
safe,33,0,1,2,33,2,0
safe,31,2,2,1,17,1,0
safe,31,0,7,1,31,3,0
safe,24,0,7,1,24,3,0
safe,223,35,27,7,28,1,0
safe,24,0,7,1,24,3,0
safe,363,21,51,3,79,3,2
safe,69,1,6,3,69,3,0
safe,26,1,0,1,26,2,0
safe,17,0,0,1,17,1,0
safe,51,4,0,2,51,2,0
safe,104,0,60,4,104,7,0
safe,98,10,9,2,98,5,0
safe,123,14,1,1,95,3,0
safe,65,4,10,2,65,3,0
safe,98,9,12,2,50,3,0
safe,33,0,4,2,33,3,0
safe,37,0,0,1,37,4,0
safe,40,1,0,1,40,2,0
safe,47,1,0,2,47,2,0
safe,45,1,0,2,45,4,0
safe,26,0,0,1,26,2,0
safe,44,4,4,1,44,1,0
safe,44,0,10,3,44,2,0
safe,37,2,1,1,37,2,0
safe,31,0,2,3,31,2,0
safe,35,2,0,2,35,2,0
safe,38,0,0,2,38,2,0
safe,31,2,1,1,17,1,0
safe,17,0,0,1,17,1,0
safe,104,13,12,2,104,5,0
safe,34,1,0,1,34,2,0
safe,30,0,0,1,30,4,0
safe,50,4,7,1,50,3,0
safe,48,4,3,2,27,1,0
safe,38,2,3,3,29,1,0
safe,58,5,0,1,58,2,0
safe,34,2,4,2,34,2,0
safe,15,0,0,1,15,1,0
safe,114,11,6,1,100,3,0
safe,39,3,0,1,39,3,0
safe,31,2,0,1,17,1,0
safe,40,1,0,3,40,3,0
safe,82,6,11,1,82,3,0
safe,123,10,1,2,107,7,0
safe,24,0,7,1,24,3,0
safe,51,2,5,2,35,1,0
safe,42,4,2,3,26,1,0
safe,26,0,0,2,26,1,0
safe,75,10,8,1,75,3,0
safe,47,1,10,1,47,3,0
safe,111,10,8,1,79,5,0
safe,59,4,10,1,59,3,0
safe,42,2,0,1,42,4,0
safe,49,3,0,2,49,1,0
safe,47,1,6,3,47,3,0
safe,55,4,8,2,23,1,0
safe,21,0,0,1,21,1,0
safe,98,6,2,6,17,2,1
safe,30,0,0,1,30,1,0
safe,34,1,0,2,34,2,0
safe,52,1,0,2,52,4,0
safe,72,7,6,3,72,1,0
safe,46,1,10,1,46,3,0
safe,39,0,4,1,39,3,0
safe,53,0,8,3,53,5,0
safe,81,11,16,2,81,1,0
safe,22,1,0,1,22,1,0
safe,19,0,0,1,19,1,0
safe,81,4,0,6,66,3,1
safe,19,0,0,1,19,1,0
safe,59,5,0,2,59,3,0
safe,51,0,5,1,51,7,0
safe,141,12,6,2,121,3,0
safe,60,6,7,3,60,1,0
safe,45,1,0,2,45,1,0
safe,58,4,10,1,58,3,0
safe,61,4,7,2,61,3,0
safe,25,0,0,1,25,1,0
safe,40,1,10,1,40,3,0
safe,44,0,0,4,44,2,0
safe,25,0,7,1,25,3,0
safe,60,1,2,3,60,4,0
safe,18,0,0,1,18,1,0
safe,53,2,0,2,53,2,0
safe,74,6,8,1,30,1,0
safe,27,0,0,3,27,1,0
safe,66,6,7,1,66,4,0
safe,31,1,0,1,31,3,0
safe,371,21,53,3,79,3,2
safe,66,0,2,5,66,3,0
safe,87,0,20,1,65,10,0
safe,142,2,36,10,57,2,0
safe,29,0,0,2,29,2,0
safe,110,11,6,1,95,4,0
safe,45,2,4,2,45,6,0
safe,60,2,8,2,60,5,0
safe,97,10,6,1,80,4,0
safe,136,17,21,2,136,3,0
safe,42,4,0,2,42,1,0
safe,46,2,5,1,46,5,0
safe,94,6,2,5,18,2,1
safe,83,12,7,2,29,1,0
safe,48,2,5,2,17,2,0
safe,20,0,0,2,20,1,0
safe,24,0,5,2,24,1,0
safe,51,4,7,2,51,2,0
safe,44,2,7,3,33,2,0
safe,60,7,7,2,60,1,0
safe,107,13,9,1,107,3,0
safe,103,15,20,2,87,2,0
safe,31,2,3,1,17,1,0
safe,77,5,6,2,77,2,0
safe,49,3,8,1,49,2,0
safe,72,6,10,2,26,1,0
safe,70,7,7,2,70,1,0
safe,34,0,2,1,34,3,0
safe,89,4,0,7,71,4,2
safe,109,11,0,1,109,2,0
safe,33,0,0,2,33,3,0
safe,42,3,1,2,42,2,0
safe,17,0,0,1,17,1,0
safe,59,1,5,1,59,5,0
safe,37,0,2,1,37,3,0
safe,234,0,16,2,234,1,0
safe,56,1,1,2,56,5,1
safe,70,3,0,2,70,3,0
safe,74,4,5,4,53,2,0
safe,49,0,0,3,49,1,0
safe,46,1,15,1,46,3,0
safe,68,6,4,2,35,1,0
safe,27,0,0,1,27,2,0
safe,39,2,2,2,23,1,0
safe,53,1,4,2,53,3,0
safe,52,1,0,2,52,3,0
safe,65,3,15,1,65,3,0
safe,31,3,2,1,17,1,0
safe,96,9,11,1,79,2,0
safe,70,1,7,5,70,3,0
safe,25,0,7,1,25,3,0
safe,61,3,11,3,61,2,0
safe,40,1,6,2,40,3,0
safe,91,8,15,1,91,5,0
safe,44,1,0,2,44,2,0
safe,23,0,0,1,23,1,0
safe,125,16,19,2,107,5,0
safe,29,0,0,2,29,1,0
safe,50,4,7,1,50,3,0
safe,17,0,0,2,17,1,0
safe,90,3,0,8,90,4,0
safe,35,1,0,2,35,2,0
safe,103,12,6,2,103,2,0
safe,19,0,0,1,19,1,0
safe,97,8,7,6,41,2,0
safe,117,13,6,1,100,5,0
safe,99,3,3,2,48,2,0
safe,52,1,15,2,52,3,0
safe,47,3,0,2,29,1,0
safe,53,2,2,2,41,2,0
safe,64,4,9,2,64,3,0
safe,22,1,1,2,22,1,0
safe,34,0,0,2,34,1,0
safe,25,1,0,1,25,2,0
safe,104,6,2,7,28,2,1
safe,125,15,8,1,76,2,0
safe,38,0,0,1,38,2,0
safe,27,0,3,1,27,2,0
safe,38,2,0,1,38,2,0
safe,35,0,0,3,35,1,0
safe,32,1,0,2,32,2,0
safe,45,1,9,1,45,3,0
safe,103,6,2,7,27,2,1
safe,36,2,0,1,36,2,0
safe,38,0,0,2,38,2,0
safe,57,4,5,1,57,3,0
safe,81,6,6,2,81,3,0
safe,59,4,0,3,37,2,0
safe,53,2,0,3,53,3,0
safe,40,2,6,3,30,2,0
safe,22,0,0,1,22,1,0
safe,39,0,4,1,39,3,0
safe,117,12,8,2,100,5,0
safe,83,8,10,1,83,5,0
safe,26,0,0,1,26,1,0
safe,188,5,35,11,188,3,1
safe,145,9,8,1,132,6,0
safe,105,18,4,2,15,2,1
safe,41,1,6,1,41,4,0
safe,30,1,0,1,30,1,0
safe,108,14,8,1,108,5,0
safe,59,2,1,4,22,2,0
safe,121,26,24,1,12,2,0
safe,73,5,7,1,73,2,0
safe,52,0,0,3,52,4,0
safe,34,0,4,1,34,2,0
safe,79,7,4,2,79,3,0
safe,29,0,3,1,29,2,0
safe,36,2,5,1,36,2,0
safe,72,5,7,3,28,2,0
safe,178,2,5,3,178,6,0
safe,85,7,6,2,85,3,0
safe,53,1,5,2,53,5,0
safe,337,15,41,3,78,3,2
safe,19,0,0,1,19,1,0
safe,22,0,0,2,22,1,0
safe,28,2,1,2,28,1,0
safe,84,8,19,2,68,2,0
safe,32,0,0,2,32,2,0
safe,41,2,7,3,30,2,0
safe,59,2,15,1,59,3,0
safe,31,2,1,1,17,1,0
safe,95,7,27,7,60,5,2
safe,15,0,0,1,15,1,0
safe,46,2,0,2,46,2,0
safe,31,2,2,1,17,1,0
safe,40,2,7,1,40,3,0
safe,65,4,0,2,36,2,0
safe,31,3,3,1,17,1,0
safe,51,3,4,2,51,2,0
safe,28,0,0,1,28,2,0
safe,34,1,0,1,34,3,0
safe,15,0,0,1,15,1,0
safe,90,0,7,2,70,14,1
safe,39,2,3,2,39,1,0
safe,19,0,0,1,19,1,0
safe,37,1,0,2,37,1,0
safe,24,0,7,1,24,3,0
safe,45,2,4,1,45,3,0
safe,33,1,0,1,33,3,0
safe,154,9,39,2,154,7,2
safe,19,0,0,1,19,1,0
safe,87,9,12,1,87,5,0
safe,32,0,6,2,32,2,0
safe,30,0,3,1,30,2,0
safe,21,0,0,1,21,1,0
safe,71,2,1,2,71,4,0
safe,35,1,3,1,35,3,0
safe,88,5,10,2,88,4,0
safe,49,1,0,2,49,2,0
safe,43,1,10,1,43,3,0
safe,44,0,10,2,44,4,0
safe,47,2,0,1,47,3,0
safe,67,4,8,2,37,1,0
safe,23,0,0,2,23,1,0
safe,58,4,0,2,58,1,0
safe,30,0,0,2,30,2,0
safe,106,14,10,1,106,5,0
safe,32,0,0,1,32,2,0
safe,28,1,10,1,28,1,0
safe,48,0,0,3,48,6,1
safe,142,19,35,3,26,2,0
safe,71,7,22,1,71,2,0
safe,25,0,7,1,25,3,0
safe,94,7,8,2,73,6,0
safe,115,12,8,2,115,6,0
safe,30,0,3,1,30,2,0
safe,123,23,2,2,29,2,0
safe,43,1,0,2,43,1,0
safe,64,4,0,3,64,3,0
safe,34,0,4,2,34,3,0
safe,71,2,4,3,71,5,0
safe,31,2,2,1,17,1,0
safe,371,21,47,3,79,3,2
safe,34,0,3,2,34,1,0
safe,76,2,21,1,76,3,0
safe,117,9,8,2,99,6,0
safe,105,15,22,4,10,2,0
safe,51,3,9,2,45,2,0
safe,12,0,4,1,12,1,0
safe,36,1,0,2,36,2,0
safe,80,4,1,3,48,1,0
safe,111,4,31,4,9,1,0
safe,52,4,0,1,52,3,0
safe,21,0,3,1,21,2,0
safe,31,0,0,1,31,2,0
safe,70,9,6,2,70,3,0
safe,40,5,10,2,17,1,0
safe,54,4,0,2,54,2,0
safe,90,7,7,1,78,3,0
safe,25,1,0,1,25,1,0
safe,32,0,0,1,32,1,0
safe,34,0,0,2,34,1,0
safe,39,0,11,1,39,3,0
safe,31,0,0,2,31,1,0
safe,31,2,1,1,17,1,0
safe,87,9,5,1,87,3,0
safe,94,5,0,2,94,4,0
safe,96,6,8,2,96,4,0
safe,16,0,0,1,16,1,0
safe,190,11,39,4,101,10,2
safe,26,0,0,1,26,1,0
safe,152,14,8,2,152,5,0
safe,32,0,0,1,32,1,0
safe,30,1,4,1,30,3,0
safe,118,8,0,1,94,4,0
safe,83,4,0,1,83,5,0
safe,89,10,18,1,1,1,0
safe,71,2,11,2,71,5,0
safe,105,13,17,1,65,3,0
safe,45,3,0,1,45,2,0
safe,51,2,4,2,51,3,0
safe,136,9,42,1,27,1,1
safe,80,3,8,2,80,4,0
safe,96,6,22,2,96,4,0
safe,40,0,1,3,40,3,0
safe,59,5,6,1,59,4,0
safe,39,3,0,2,39,1,0
safe,46,1,4,2,46,1,0
safe,74,3,6,3,74,5,0
safe,31,0,0,1,31,2,0
safe,36,0,7,1,36,3,0
safe,50,1,3,3,50,5,0
safe,20,1,0,2,20,1,0
safe,32,2,2,2,32,1,0
safe,49,0,0,4,49,3,0
safe,18,0,0,1,18,1,0
safe,51,1,0,2,51,2,0
safe,9,0,0,1,9,1,0
safe,182,48,55,1,162,6,0
safe,44,0,1,2,44,3,0
safe,35,1,0,2,35,2,0
safe,41,2,6,3,31,2,0
safe,16,0,0,1,16,1,0
safe,310,2,131,12,310,4,2
safe,55,2,2,2,55,4,0
safe,66,4,2,1,66,6,0
safe,96,8,8,2,96,5,0
safe,31,4,1,1,17,1,0
safe,36,0,0,2,36,2,0
safe,57,0,0,2,57,4,0
safe,34,0,0,3,34,3,0
safe,91,13,9,2,91,3,0
safe,113,13,8,1,99,3,0
safe,32,2,4,2,24,1,0
safe,56,4,11,1,56,3,0
safe,31,1,0,2,31,1,0
safe,105,15,22,4,10,2,0
safe,61,3,15,1,61,3,0
safe,59,2,3,2,46,5,0
safe,67,2,1,1,67,3,0
safe,95,7,2,2,51,3,0
safe,98,11,9,2,98,2,0
safe,44,3,2,3,36,2,0
safe,28,2,4,1,21,2,0
safe,24,0,0,2,24,2,0
safe,95,7,7,1,74,5,0
safe,24,0,7,1,24,3,0
safe,20,0,0,1,20,1,0
safe,85,7,8,2,85,4,0
safe,44,0,0,1,44,2,0
safe,39,0,0,3,39,2,1
safe,125,0,17,5,125,7,0
safe,82,5,8,2,82,8,0
safe,18,0,2,1,18,1,0
safe,53,1,0,2,53,2,0
safe,90,6,3,8,31,1,0
safe,71,1,0,3,71,5,0
safe,54,2,0,3,54,3,0
safe,25,1,0,1,25,2,0
safe,35,0,1,2,35,1,0
safe,40,2,5,1,36,4,0
safe,116,15,13,2,116,3,0
safe,81,5,0,6,66,4,2
safe,67,3,0,2,67,4,0
safe,40,1,0,2,40,2,0
safe,29,0,5,1,29,3,0
safe,33,0,0,3,33,1,0
safe,31,0,0,1,31,2,0
safe,57,5,0,2,28,1,0
safe,25,0,10,2,25,1,0
safe,38,0,0,3,38,2,0
safe,14,0,0,1,14,1,0
safe,98,12,1,2,98,2,0
safe,34,0,4,2,34,2,0
safe,53,4,6,1,53,3,0
safe,102,11,22,1,87,4,0
safe,24,0,0,1,24,2,0
safe,19,0,3,1,19,1,0
safe,79,8,0,2,79,2,0
safe,27,0,0,2,27,1,0
safe,95,6,2,7,23,2,1
safe,31,0,3,2,31,2,0
safe,39,0,0,2,39,3,0
safe,30,0,5,1,30,3,0
safe,42,1,5,1,42,5,0
safe,187,13,35,3,165,3,0
safe,63,4,0,2,63,2,0
safe,31,2,1,1,17,1,0
safe,29,0,0,1,29,2,0
safe,16,0,0,1,16,1,0
safe,49,3,1,3,19,1,0
safe,45,3,1,1,45,2,0
safe,94,10,6,1,79,4,0
safe,31,2,3,1,17,1,0
safe,45,1,0,1,45,2,0
safe,78,5,11,1,78,3,0
safe,48,2,5,4,35,1,0
safe,16,0,0,1,16,1,0
safe,292,71,86,2,5,1,0
safe,64,4,0,2,64,2,0
safe,68,7,8,1,68,2,0
safe,36,0,0,4,36,3,1
safe,138,17,10,3,67,1,0
safe,88,10,7,1,88,3,0
safe,26,0,0,2,26,1,0
safe,14,0,0,2,14,1,0
safe,50,0,0,3,50,3,0
safe,35,1,1,1,35,4,0
safe,43,1,7,2,43,2,0
safe,59,2,11,3,59,3,0
safe,43,2,0,2,43,2,0
safe,30,0,1,3,30,1,0
safe,33,1,0,1,33,2,0
safe,50,1,0,2,50,2,0
safe,13,0,0,1,13,1,0
safe,74,6,1,1,74,4,0
safe,18,0,0,1,18,1,0
safe,92,6,2,7,27,2,1
safe,33,1,0,2,33,2,0
safe,71,8,9,1,71,4,0
safe,33,0,0,1,33,2,0
safe,32,0,3,2,32,2,0
safe,29,0,2,2,29,2,0
safe,47,2,0,3,47,2,0
safe,60,6,0,2,60,2,0
safe,143,12,8,3,143,5,1
safe,43,4,7,2,27,1,0
safe,32,2,0,1,32,2,0
safe,22,0,0,2,22,2,0
safe,36,2,2,2,28,1,0
safe,26,0,0,2,26,2,0
safe,36,0,0,1,36,1,0
safe,101,4,20,4,101,1,0
safe,41,1,12,1,41,3,0
safe,102,8,22,1,102,4,0
safe,12,0,0,1,12,1,0
safe,46,2,9,1,46,3,0
safe,31,2,3,2,22,1,0
safe,20,0,0,1,20,2,0
safe,12,0,0,1,12,1,0
safe,31,2,3,1,17,1,0
safe,93,9,7,2,35,1,0
safe,64,6,11,2,64,2,0
safe,50,2,4,2,50,2,0
safe,23,2,5,1,15,1,0
safe,76,9,9,2,66,1,0
safe,14,0,0,1,14,1,0
safe,57,5,8,2,57,1,0
safe,44,0,0,2,44,2,0
safe,45,1,4,5,45,1,0
safe,64,3,0,2,64,3,0
safe,32,2,0,2,32,2,0
safe,231,9,68,9,139,4,2
safe,104,6,2,7,28,2,1
safe,28,1,0,2,24,2,0
safe,102,6,2,7,30,2,1
safe,26,0,0,1,26,1,0
safe,28,0,9,2,28,1,0
safe,97,7,3,2,46,1,0
safe,68,5,1,1,68,2,0
safe,104,9,14,3,104,5,0
safe,31,1,0,1,31,2,0
safe,157,4,46,6,157,2,1
safe,31,2,2,1,17,1,0
safe,91,1,23,2,91,4,0
safe,95,8,0,2,32,1,0
safe,105,11,5,2,89,5,0
safe,24,0,0,1,24,3,0
safe,74,6,6,1,74,5,0
safe,87,0,23,1,65,10,0
safe,19,0,0,2,19,1,0
safe,41,3,1,1,41,4,0
safe,27,1,0,1,27,1,0
safe,41,1,1,2,41,3,1
safe,19,0,0,1,19,1,0
safe,89,9,1,1,73,4,0
safe,47,2,6,2,47,2,0
safe,37,2,5,1,37,2,0
safe,77,6,10,2,77,4,0
safe,38,3,10,1,21,1,0
safe,16,0,0,1,16,1,0
safe,32,0,0,1,32,1,0
safe,18,0,0,1,18,1,0
safe,31,2,2,1,17,1,0
safe,65,4,18,2,65,6,0
safe,33,1,1,2,33,2,0
safe,15,0,0,1,15,1,0
safe,60,7,6,2,23,1,0
safe,61,3,8,1,61,3,0
safe,35,2,0,2,35,2,0
safe,35,1,0,2,35,2,0
safe,77,7,0,1,77,4,0
safe,20,0,0,2,20,1,0
safe,31,2,5,1,17,1,0
safe,39,0,3,1,39,3,0
safe,24,0,0,2,24,1,0
safe,26,0,0,1,26,1,0
safe,66,3,15,1,66,3,0
safe,128,12,8,6,26,2,1
safe,30,0,1,1,30,3,0
safe,23,1,10,1,23,1,0
safe,62,5,0,2,62,2,0
safe,42,0,0,2,42,1,0
safe,24,0,7,1,24,3,0
safe,20,0,0,1,20,1,0
safe,108,15,10,1,108,2,0
safe,17,0,0,1,17,1,0
safe,154,7,53,9,154,1,2
safe,45,1,9,1,45,3,0
safe,9,0,0,1,9,1,0
safe,62,7,4,1,62,2,0
safe,20,0,5,1,20,2,0
safe,43,1,0,1,43,3,0
safe,112,9,9,2,91,5,0
safe,35,0,4,2,35,1,0
safe,39,0,10,1,39,4,0
safe,39,2,4,3,31,1,0
safe,86,6,8,2,62,2,0
safe,85,4,8,1,72,4,0
safe,27,2,0,1,27,1,0
safe,31,3,1,1,17,1,0
safe,27,2,0,1,27,1,0
safe,67,2,11,2,67,3,0
safe,71,2,0,3,71,4,0
safe,31,1,0,1,31,3,0
safe,39,0,17,2,39,3,1
safe,37,2,6,1,37,3,0
safe,54,6,3,1,54,1,0
safe,46,1,0,2,46,2,0
safe,50,0,2,3,50,4,0
safe,183,50,72,1,169,4,0
safe,33,0,0,1,33,1,0
safe,52,0,5,1,52,6,0
safe,104,11,13,1,41,5,0
safe,26,0,0,1,26,3,0
safe,98,11,5,2,98,4,0
safe,26,0,0,2,26,1,0
safe,49,2,12,1,49,3,0
safe,45,2,0,2,45,2,0
safe,26,0,0,1,26,1,1
safe,64,4,15,2,64,5,0
safe,42,0,0,2,42,2,0
safe,19,0,0,1,19,1,0
safe,41,2,0,1,41,2,0
safe,44,0,1,2,44,4,0
safe,26,3,0,1,12,1,0
safe,142,8,12,1,142,7,0
safe,27,0,0,2,27,1,0
safe,43,1,0,1,43,2,0
safe,26,1,0,1,26,1,0
safe,43,2,6,2,34,2,0
safe,36,3,0,1,36,2,0
safe,26,0,0,1,26,1,0
safe,75,5,7,3,75,3,0
safe,47,2,0,1,47,2,0
safe,151,6,34,3,58,6,1
safe,58,5,0,2,58,1,0
safe,203,30,52,2,25,1,0
safe,12,1,0,1,12,1,0
safe,54,1,0,4,54,3,0
safe,27,0,0,2,27,1,0
safe,35,0,0,2,35,1,0
safe,9,0,0,1,9,1,0
safe,14,0,0,2,14,1,0
safe,34,0,0,1,34,4,0
safe,14,0,0,1,14,1,0
safe,43,0,4,1,43,3,0
safe,40,0,0,1,40,2,0
safe,74,5,6,1,74,3,0
safe,35,0,0,1,35,4,0
safe,25,0,0,2,25,1,0
safe,26,0,0,1,26,1,0
